City_ID,City,Country,Lat,Lng,Max Temp,Humidity,Cloudiness,Wind Speed,Current Description
0,Tuktoyaktuk,CA,69.4541,-133.0374,-4.0,77,90,11.5,light snow
1,Hilo,US,19.7297,-155.09,68.0,73,90,6.91,overcast clouds
2,Rikitea,PF,-23.1203,-134.9692,77.63,71,31,3.49,light rain
3,Vaini,TO,-21.2,-175.2,77.0,94,75,4.61,broken clouds
4,Hobart,AU,-42.8794,147.3294,50.0,53,39,14.97,scattered clouds
5,Labytnangi,RU,66.6572,66.4183,-6.9,90,89,4.38,overcast clouds
6,Thompson,CA,55.7435,-97.8558,14.0,85,90,5.75,light snow
7,Tuatapere,NZ,-46.1333,167.6833,62.01,78,100,3.0,moderate rain
8,Albany,US,42.6001,-73.9662,36.0,89,100,3.47,light snow
9,Khatanga,RU,71.9667,102.5,-26.01,86,95,4.5,overcast clouds
10,Butaritari,KI,3.0707,172.7902,80.65,79,52,20.92,broken clouds
11,Sarangani,PH,5.4033,125.4636,78.93,89,100,10.56,overcast clouds
12,Presidente Dutra,BR,-5.29,-44.49,85.46,73,69,3.18,moderate rain
13,Hermanus,ZA,-34.4187,19.2345,73.0,67,7,5.99,clear sky
14,Esperance,AU,-33.8667,121.9,57.2,67,0,10.36,clear sky
15,Aitape,PG,-3.1374,142.3475,79.18,84,93,4.7,light rain
16,Comodoro Rivadavia,AR,-45.8667,-67.5,62.6,59,0,6.91,clear sky
17,Saint-Pierre,RE,-21.3393,55.4781,82.4,83,0,8.05,clear sky
18,Mataura,NZ,-46.1927,168.8643,62.01,78,100,3.0,overcast clouds
19,Limbang,MY,4.75,115.0,73.4,100,75,1.14,broken clouds
20,Birzai,LT,56.2,24.75,3.7,92,53,5.08,broken clouds
21,Kauhajoki,FI,62.4333,22.1833,25.0,93,75,2.3,fog
22,Coos Bay,US,43.3665,-124.2179,48.2,93,90,4.61,overcast clouds
23,Erechim,BR,-27.6342,-52.2739,82.9,61,66,10.67,broken clouds
24,Cabo San Lucas,MX,22.8909,-109.9124,66.2,30,20,4.61,few clouds
25,Cape Town,ZA,-33.9258,18.4232,75.99,50,40,13.8,scattered clouds
26,Bluff,NZ,-46.6,168.3333,62.01,78,99,3.0,moderate rain
27,Jamestown,US,42.097,-79.2353,33.01,93,90,5.88,overcast clouds
28,Carnarvon,AU,-24.8667,113.6333,77.0,100,13,5.75,few clouds
29,New Norfolk,AU,-42.7826,147.0587,48.99,66,38,1.99,scattered clouds
30,Ushuaia,AR,-54.8,-68.3,60.8,63,40,8.05,scattered clouds
31,Georgetown,MY,5.4112,100.3354,80.6,88,20,5.7,few clouds
32,Necochea,AR,-38.5473,-58.7368,66.99,76,52,20.29,broken clouds
33,Karratha,AU,-20.7377,116.8463,89.67,56,69,4.47,light rain
34,Nachalovo,RU,46.338,48.2013,26.6,93,0,6.71,clear sky
35,Xiamen,CN,24.4798,118.0819,55.4,41,0,20.13,clear sky
36,Port Alfred,ZA,-33.5906,26.891,72.0,76,0,11.01,clear sky
37,Abha,SA,18.2164,42.5053,62.6,88,0,6.91,clear sky
38,Pisco,PE,-13.7,-76.2167,73.4,73,0,9.22,clear sky
39,Saskylakh,RU,71.9167,114.0833,-11.79,89,100,8.28,overcast clouds
40,Kukuna,SL,9.4,-12.6667,96.42,10,100,5.53,overcast clouds
41,Faanui,PF,-16.4833,-151.75,81.23,73,10,11.01,clear sky
42,Ponta Do Sol,PT,32.6667,-17.1,61.0,64,98,1.99,overcast clouds
43,East London,ZA,-33.0153,27.9116,69.8,68,0,27.63,clear sky
44,Taltal,CL,-25.4,-70.4833,68.43,61,7,5.77,clear sky
45,Mount Holly,US,35.2982,-81.0159,41.0,65,75,6.91,broken clouds
46,Coaldale,CA,49.7167,-112.6185,32.0,55,20,18.41,few clouds
47,Alofi,NU,-19.0595,-169.9187,73.4,100,83,1.14,broken clouds
48,Qaanaaq,GL,77.484,-69.3632,6.03,92,99,0.87,overcast clouds
49,Ancud,CL,-41.8697,-73.8203,62.6,63,40,3.44,scattered clouds
50,Dicabisagan,PH,17.0818,122.4157,71.96,77,49,7.52,scattered clouds
51,Brandon,US,27.9378,-82.2859,61.0,54,75,10.67,broken clouds
52,Kargil,IN,34.5667,76.1,0.88,68,0,1.68,clear sky
53,Lompoc,US,34.6391,-120.4579,69.8,76,21,8.79,few clouds
54,Sitka,US,57.0531,-135.33,44.6,65,90,17.27,light rain
55,Kapaa,US,22.0752,-159.319,69.8,100,75,5.75,broken clouds
56,Dunedin,NZ,-45.8742,170.5036,62.01,90,98,3.0,light rain
57,Airai,TL,-8.9266,125.4092,63.23,100,100,1.39,light rain
58,Eldoret,KE,0.5204,35.2699,61.43,73,99,2.33,overcast clouds
59,Ratnagiri,IN,16.9833,73.3,77.61,66,0,6.44,clear sky
60,Ribeira Grande,PT,38.5167,-28.7,62.6,82,40,9.22,scattered clouds
61,Padang,ID,-0.9492,100.3543,78.8,83,90,3.44,moderate rain
62,Tocopilla,CL,-22.092,-70.1979,71.65,50,23,3.89,few clouds
63,Busselton,AU,-33.65,115.3333,63.0,67,0,7.0,clear sky
64,Seoul,KR,37.5683,126.9778,19.4,48,0,10.36,clear sky
65,Middle Island,US,40.8843,-72.9373,46.0,93,90,11.5,overcast clouds
66,Kavieng,PG,-2.5744,150.7967,82.99,80,93,16.64,overcast clouds
67,Beringovskiy,RU,63.05,179.3167,-11.13,88,94,11.3,overcast clouds
68,Punta Arenas,CL,-53.15,-70.9167,60.8,59,90,20.71,overcast clouds
69,Bengkulu,ID,-3.8004,102.2655,77.94,80,100,3.49,overcast clouds
70,Beloha,MG,-25.1667,45.05,81.34,67,4,8.46,clear sky
71,Abu Samrah,SY,35.3029,37.1841,52.93,76,50,10.07,scattered clouds
72,Narsaq,GL,60.9167,-46.05,23.0,74,75,5.75,broken clouds
73,Hasaki,JP,35.7333,140.8333,42.8,56,75,11.5,broken clouds
74,Keningau,MY,5.3378,116.1602,71.6,94,40,13.8,scattered clouds
75,Yulara,AU,-25.2406,130.9889,68.0,64,90,8.05,overcast clouds
76,Richards Bay,ZA,-28.783,32.0377,77.0,77,40,11.39,light rain
77,Missoula,US,47.0166,-113.8009,26.6,93,90,4.05,fog
78,Luorong,CN,24.4058,109.6086,56.57,39,90,19.15,overcast clouds
79,Barrow,US,71.2906,-156.7887,-2.2,78,90,18.41,haze
80,Severo-Kurilsk,RU,50.6789,156.125,25.83,96,100,13.2,light snow
81,Atuona,PF,-9.8,-139.0333,77.52,77,1,13.47,clear sky
82,Anloga,GH,5.7947,0.8973,87.8,66,20,13.8,few clouds
83,Port Elizabeth,ZA,-33.918,25.5701,73.4,64,0,37.98,clear sky
84,Iqaluit,CA,63.7506,-68.5145,6.8,85,90,23.02,snow
85,Chikola,RU,43.1906,43.9209,35.6,80,90,2.24,overcast clouds
86,Dwarka,IN,22.2394,68.9678,70.43,50,0,11.16,clear sky
87,Tiksi,RU,71.6872,128.8694,-9.63,91,100,14.0,overcast clouds
88,Constitucion,CL,-35.3333,-72.4167,68.72,40,0,17.47,clear sky
89,Hay River,CA,60.8156,-115.7999,12.2,85,100,4.61,overcast clouds
90,Corato,IT,41.1455,16.4139,46.0,42,20,11.5,few clouds
91,Progreso,MX,21.2833,-89.6667,72.0,56,75,9.22,broken clouds
92,Olafsvik,IS,64.8945,-23.7142,36.52,94,100,23.67,light rain
93,Leningradskiy,RU,69.3833,178.4167,-18.65,86,100,1.19,overcast clouds
94,Lebu,CL,-37.6167,-73.65,60.8,60,0,19.8,clear sky
95,Batagay-Alyta,RU,67.8006,130.4114,-27.92,84,100,1.23,overcast clouds
96,Skjervoy,NO,70.0311,20.9714,37.42,93,100,20.74,overcast clouds
97,Yumen,CN,40.2833,97.2,16.11,75,0,23.4,clear sky
98,Mar Del Plata,AR,-38.0023,-57.5575,69.8,94,75,8.05,broken clouds
99,Iracoubo,GF,5.4802,-53.2011,81.25,72,93,13.2,overcast clouds
100,Avera,US,33.194,-82.5271,44.6,42,40,20.71,scattered clouds
101,Provideniya,RU,64.3833,-173.3,-1.89,85,100,9.8,overcast clouds
102,Tasiilaq,GL,65.6145,-37.6368,32.0,86,75,11.5,light snow
103,Bulandshahr,IN,28.4,77.85,52.9,49,0,3.65,clear sky
104,Pulandian,CN,39.3953,121.9669,14.0,67,0,2.35,clear sky
105,Zhigansk,RU,66.7697,123.3711,-33.79,82,100,5.95,overcast clouds
106,Clyde River,CA,70.4692,-68.5914,3.2,85,90,6.91,overcast clouds
107,Victoria,HK,22.2855,114.1577,62.01,76,99,23.33,overcast clouds
108,Hambantota,LK,6.1241,81.1185,75.2,100,40,2.3,scattered clouds
109,Gualaquiza,EC,-3.4,-78.55,76.78,65,94,1.68,light rain
110,Augusto Correa,BR,-1.0217,-46.635,88.54,56,81,7.58,broken clouds
111,Talcahuano,CL,-36.7167,-73.1167,69.8,46,0,18.41,clear sky
112,Kodiak,US,57.79,-152.4072,39.2,93,90,33.38,moderate rain
113,Vila Franca Do Campo,PT,37.7167,-25.4333,64.99,94,75,8.05,light rain
114,Benguela,AO,-12.5763,13.4055,80.58,60,25,11.32,scattered clouds
115,Yellowknife,CA,62.456,-114.3525,-0.4,78,90,8.05,light snow
116,Lamu,KE,-2.2717,40.902,80.6,78,1,12.66,clear sky
117,Ahvaz,IR,31.3203,48.6693,59.0,51,0,2.3,clear sky
118,Ust-Kuyga,RU,70.0167,135.6,-28.07,83,100,0.36,overcast clouds
119,Poum,NC,-20.2333,164.0167,81.23,80,100,3.49,overcast clouds
120,Dikson,RU,73.5069,80.5464,-31.79,79,13,8.99,few clouds
121,Lindon,US,40.3433,-111.7208,36.0,64,40,2.13,scattered clouds
122,Tuy Hoa,VN,13.0833,109.3,68.76,87,60,6.93,light rain
123,Klaksvik,FO,62.2266,-6.589,44.6,100,90,4.61,light rain
124,Kahului,US,20.8947,-156.47,71.01,72,20,5.75,few clouds
125,Campoverde,PE,-8.4753,-74.8058,82.4,74,75,5.75,light rain
126,Kiwira,TZ,-9.1667,33.5333,67.59,83,75,1.61,moderate rain
127,Katsuura,JP,35.1333,140.3,46.99,46,75,16.11,broken clouds
128,Fayaoue,NC,-20.65,166.5333,82.06,81,100,13.98,overcast clouds
129,Mahon,ES,39.8885,4.2658,51.8,66,20,12.66,few clouds
130,Los Llanos De Aridane,ES,28.6585,-17.9182,69.8,60,20,5.75,few clouds
131,Pevek,RU,69.7008,170.3133,-17.52,84,58,5.32,broken clouds
132,Fairbanks,US,64.8378,-147.7164,7.0,84,1,3.49,clear sky
133,Souillac,MU,-20.5167,57.5167,82.4,78,40,8.05,scattered clouds
134,Maceio,BR,-9.6658,-35.7353,87.8,55,40,13.8,scattered clouds
135,Mayumba,GA,-3.432,10.6554,80.62,75,96,9.33,overcast clouds
136,Kaitangata,NZ,-46.2817,169.8464,57.07,92,98,7.58,light rain
137,Salta,AR,-24.7859,-65.4117,82.4,57,40,6.91,light rain
138,Husavik,IS,66.0449,-17.3389,35.6,93,90,4.61,overcast clouds
139,Dakar,SN,14.6937,-17.4441,71.6,56,100,13.8,dust
140,Selestat,FR,48.2598,7.4565,28.4,86,90,6.91,overcast clouds
141,Iskateley,RU,67.6803,53.1512,-15.79,80,0,4.16,clear sky
142,Hamilton,US,39.1834,-84.5333,33.8,75,90,11.5,overcast clouds
143,Havoysund,NO,70.9963,24.6622,35.6,87,75,4.61,broken clouds
144,Monrovia,LR,6.3005,-10.7969,86.0,74,75,11.5,light rain
145,Linkoping,SE,58.4109,15.6216,24.8,93,90,4.61,overcast clouds
146,Sioux Lookout,CA,50.1001,-91.917,12.2,85,90,3.44,light snow
147,Tezu,IN,27.9167,96.1667,60.82,54,13,3.33,few clouds
148,Port Macquarie,AU,-31.4333,152.9167,57.99,85,13,1.99,few clouds
149,Esso,RU,55.9333,158.7,4.37,88,100,4.97,light snow
150,Puerto Ayora,EC,-0.7393,-90.3518,77.0,83,90,5.75,light intensity drizzle rain
151,Santa Cruz,BO,-17.8,-63.1667,75.2,94,75,18.41,light rain
152,Hithadhoo,MV,-0.6,73.0833,81.9,75,100,10.94,overcast clouds
153,Omboue,GA,-1.5746,9.2618,80.91,80,80,10.04,broken clouds
154,Kavaratti,IN,10.5669,72.642,82.24,77,7,9.48,light rain
155,Ajdabiya,LY,30.7554,20.2263,59.85,65,17,17.96,few clouds
156,Tombouctou,ML,20.0,-3.0,72.64,15,93,17.63,overcast clouds
157,Quatre Cocos,MU,-20.2078,57.7625,82.4,78,40,8.05,scattered clouds
158,Alta Floresta,BR,-9.8756,-56.0861,87.8,70,75,3.44,broken clouds
159,Doha,QA,25.2867,51.5333,69.8,64,0,2.3,clear sky
160,Norman Wells,CA,65.282,-126.8329,-4.0,84,90,2.3,light snow
161,Sobolevo,RU,54.4299,31.8996,-1.17,92,100,7.47,light snow
162,Gamba,GA,-2.65,10.0,80.28,79,97,9.91,overcast clouds
163,Kumluca,TR,36.3703,30.2869,55.65,71,39,10.98,moderate rain
164,Kenai,US,60.5544,-151.2583,32.0,80,40,23.02,scattered clouds
165,Kirakira,SB,-10.4544,161.9205,79.07,81,100,1.66,overcast clouds
166,Nikolskoye,RU,59.7035,30.7861,7.0,85,75,6.71,light snow
167,Atar,MR,20.5169,-13.0499,79.02,11,100,18.41,overcast clouds
168,Oranjemund,NA,-28.55,16.4333,68.49,69,0,14.83,clear sky
169,Mazatlan,MX,23.2167,-106.4167,66.99,76,75,4.61,broken clouds
170,Port Lincoln,AU,-34.7333,135.8667,60.78,75,85,7.65,overcast clouds
171,Moron,AR,-34.6534,-58.6198,90.0,44,9,1.99,clear sky
172,Bredasdorp,ZA,-34.5322,20.0403,78.8,41,0,20.71,clear sky
173,Luganville,VU,-15.5333,167.1667,76.32,88,100,5.86,light rain
174,Upernavik,GL,72.7868,-56.1549,11.53,92,13,4.36,few clouds
175,Grindavik,IS,63.8424,-22.4338,37.4,87,90,31.07,light snow
176,Kuah,MY,6.3265,99.8432,82.4,78,20,3.44,few clouds
177,Voyvozh,RU,62.892,54.9635,-5.31,91,98,8.99,overcast clouds
178,Belmonte,BR,-15.8631,-38.8828,86.0,66,75,6.91,broken clouds
179,Goderich,CA,43.7501,-81.7165,32.0,86,57,4.61,broken clouds
180,Carahue,CL,-38.7,-73.1667,66.2,55,40,11.5,scattered clouds
181,Winsum,NL,53.33,6.5208,35.01,78,100,1.99,overcast clouds
182,Torbay,CA,47.6666,-52.7314,33.01,93,90,25.32,snow
183,Vestmannaeyjar,IS,63.4427,-20.2734,37.4,93,90,28.77,overcast clouds
184,Margate,GB,51.3813,1.3862,43.0,92,100,1.99,overcast clouds
185,Whyalla,AU,-33.0333,137.5833,62.6,77,75,13.8,broken clouds
186,Kuusamo,FI,65.9667,29.1833,19.4,93,75,4.61,broken clouds
187,Venice,US,27.0998,-82.4543,63.0,59,75,11.5,broken clouds
188,Krasnogorsk,RU,55.8225,37.3181,5.0,85,90,11.18,heavy snow
189,Warrnambool,AU,-38.3833,142.4833,52.0,78,100,11.1,overcast clouds
190,Gizo,SB,-8.103,156.8419,82.89,73,87,9.73,overcast clouds
191,Aksarka,RU,66.5606,67.7975,-7.38,91,96,7.09,overcast clouds
192,Nanganga,TZ,-10.3833,39.15,77.58,87,54,2.66,light rain
193,Sao Filipe,CV,14.8961,-24.4956,73.18,69,71,10.67,broken clouds
194,Chokurdakh,RU,70.6333,147.9167,-12.62,88,100,13.73,overcast clouds
195,La Ronge,CA,55.1001,-105.2842,28.4,74,38,4.61,scattered clouds
196,Madanapalle,IN,13.55,78.5,67.41,70,2,4.32,clear sky
197,Cabanas,CU,22.9758,-82.9219,73.4,60,75,10.36,broken clouds
198,Los Algarrobos,PA,8.5,-82.4333,82.4,74,20,2.3,few clouds
199,Wukari,NG,7.85,9.7833,96.94,10,61,5.59,broken clouds
200,Kongwa,TZ,-6.2,36.4167,70.59,82,26,4.68,light rain
201,Guerrero Negro,MX,27.9769,-114.0611,67.12,26,0,2.82,clear sky
202,Chicama,PE,-7.8447,-79.1469,68.0,88,20,6.91,few clouds
203,Kautokeino,NO,69.0125,23.0412,16.07,93,52,4.25,broken clouds
204,Alekseyevsk,RU,57.8406,108.3492,-43.98,75,23,1.68,few clouds
205,Puerto Del Rosario,ES,28.5004,-13.8627,66.2,55,20,17.27,few clouds
206,Hinesville,US,31.8469,-81.5959,50.0,40,1,13.8,clear sky
207,Hays,US,30.0502,-98.0336,52.0,41,0,1.01,clear sky
208,Hailey,US,43.5196,-114.3153,19.4,79,1,6.91,clear sky
209,Bathsheba,BB,13.2167,-59.5167,84.2,58,20,21.85,few clouds
210,Verkhnetulomskiy,RU,68.6073,31.7962,28.4,93,75,4.47,broken clouds
211,Saint-Philippe,RE,-21.3585,55.7679,82.4,83,0,8.05,clear sky
212,Cidreira,BR,-30.1811,-50.2056,79.21,77,100,12.08,overcast clouds
213,Herne Bay,GB,51.373,1.1286,44.01,96,100,1.01,overcast clouds
214,Waipawa,NZ,-41.4122,175.5153,64.99,77,75,23.02,broken clouds
215,Dayong,CN,25.0209,118.2898,55.4,41,0,20.13,clear sky
216,Southbridge,US,42.0751,-72.0334,46.99,98,100,9.28,overcast clouds
217,Kieta,PG,-6.2167,155.6333,79.38,78,82,3.47,light rain
218,Chikwawa,MW,-16.0335,34.8009,85.41,66,93,2.21,overcast clouds
219,Coihaique,CL,-45.5752,-72.0662,68.0,60,40,4.61,scattered clouds
220,Poro,PH,10.6292,124.4087,77.0,94,75,9.22,light rain
221,Moroni,KM,-11.7022,43.2551,80.56,77,53,10.98,broken clouds
222,Castro,BR,-24.7911,-50.0119,78.03,68,94,9.57,overcast clouds
223,Conde,BR,-7.2597,-34.9075,86.0,58,75,14.97,broken clouds
224,Saldanha,ZA,-33.0117,17.9442,75.2,57,3,9.22,clear sky
225,Codrington,AU,-38.2667,141.9667,55.83,72,99,10.6,overcast clouds
226,Saint George,US,37.1041,-113.5841,37.4,38,1,4.99,clear sky
227,Praia Da Vitoria,PT,38.7333,-27.0667,62.6,77,20,8.79,few clouds
228,Port Hardy,CA,50.6996,-127.4199,44.6,87,90,18.41,overcast clouds
229,Portales,US,34.1862,-103.3344,35.01,44,75,10.36,broken clouds
230,Ust-Ilimsk,RU,58.0006,102.6619,-33.32,79,79,1.92,broken clouds
231,Japura,ID,-0.3167,102.35,74.66,96,98,2.62,overcast clouds
232,Neuquen,AR,-38.9516,-68.0591,69.8,40,40,6.91,scattered clouds
233,Fort Nelson,CA,58.8053,-122.7002,3.2,85,1,4.61,clear sky
234,Srednekolymsk,RU,67.45,153.6833,-33.12,79,95,3.74,overcast clouds
235,Angoche,MZ,-16.2325,39.9086,84.61,76,80,11.77,light rain
236,Buala,SB,-8.145,159.5921,80.35,79,100,5.5,overcast clouds
237,Rantepao,ID,-2.9701,119.8978,69.78,90,100,2.15,moderate rain
238,Evensk,RU,61.95,159.2333,-22.63,74,0,7.25,clear sky
239,Acajutla,SV,13.5928,-89.8275,85.03,54,14,4.45,few clouds
240,Nhulunbuy,AU,-12.2333,136.7667,78.8,94,90,11.5,overcast clouds
241,Bambous Virieux,MU,-20.3428,57.7575,82.4,78,40,8.05,light rain
242,Harnosand,SE,62.6323,17.9379,17.6,86,90,1.14,overcast clouds
243,Kristiansund,NO,63.1115,7.732,23.0,74,0,3.44,clear sky
244,Rawson,AR,-43.3002,-65.1023,63.86,45,91,25.55,overcast clouds
245,Tyukhtet,RU,56.5389,89.3011,10.35,91,100,6.76,overcast clouds
246,Tromso,NO,69.6496,18.957,35.6,87,75,13.8,light rain
247,Tanout,NE,14.9709,8.8879,84.92,13,57,9.22,broken clouds
248,Tessalit,ML,20.1986,1.0114,73.44,14,88,14.92,overcast clouds
249,Pindwara,IN,24.8,73.0667,65.39,40,0,2.01,clear sky
250,Saint-Augustin,CA,51.226,-58.6502,24.66,88,8,0.76,clear sky
251,Kidal,ML,18.4411,1.4078,86.2,12,86,8.79,overcast clouds
252,Santa Barbara,US,34.7333,-120.0343,50.0,70,1,8.03,clear sky
253,Sur,OM,22.5667,59.5289,69.84,67,0,8.28,clear sky
254,Aklavik,CA,68.2191,-135.0107,-13.0,84,75,3.44,broken clouds
255,Odweyne,SO,9.4092,45.064,70.2,41,11,12.41,few clouds
256,Ixtapa,MX,20.7,-105.2,68.0,68,40,1.77,scattered clouds
257,Mahebourg,MU,-20.4081,57.7,82.4,78,40,8.05,light rain
258,Alice Springs,AU,-23.7,133.8833,69.8,46,90,8.05,overcast clouds
259,Zaysan,KZ,47.4667,84.8667,3.38,84,37,3.2,scattered clouds
260,Gazanjyk,TM,39.2446,55.5154,49.5,69,11,13.27,few clouds
261,Acapulco,MX,16.8634,-99.8901,82.4,69,90,6.91,overcast clouds
262,Chulman,RU,56.8479,124.9104,-22.92,84,100,5.57,overcast clouds
263,Quelimane,MZ,-17.8786,36.8883,84.49,73,100,3.56,overcast clouds
264,Nishihara,JP,26.1842,127.7558,60.8,77,90,11.5,mist
265,Avarua,CK,-21.2078,-159.775,73.4,94,20,2.3,few clouds
266,Bowen,AU,-20.0167,148.2333,73.4,94,100,6.91,overcast clouds
267,Rio Branco,BR,-9.9747,-67.81,86.0,66,40,11.5,moderate rain
268,Korla,CN,41.7597,86.1469,20.1,81,0,8.03,clear sky
269,Kendari,ID,-3.945,122.4989,76.96,90,100,3.89,overcast clouds
270,Chingola,ZM,-12.529,27.8838,69.73,93,33,3.18,light rain
271,Kruisfontein,ZA,-34.0033,24.7314,77.0,54,0,8.99,clear sky
272,Sibolga,ID,1.7427,98.7792,76.69,78,84,4.09,broken clouds
273,Laguna,US,38.421,-121.4238,45.0,93,1,4.32,mist
274,Bethel,US,41.3712,-73.414,39.99,93,90,6.91,overcast clouds
275,Osterhofen,DE,48.7,13.0167,27.0,83,98,7.45,overcast clouds
276,Yarada,IN,17.65,83.2667,73.4,88,0,2.3,mist
277,Luderitz,NA,-26.6481,15.1594,70.27,60,0,23.15,clear sky
278,Brazzaville,CG,-4.2658,15.2832,89.6,51,40,6.91,moderate rain
279,Geraldton,AU,-28.7667,114.6,91.4,29,100,19.57,overcast clouds
280,Changde,CN,29.0464,111.6783,44.29,55,100,18.43,light rain
281,Aberdeen,GB,57.1437,-2.0981,45.0,76,99,9.22,overcast clouds
282,Santiago De Cuba,CU,20.0247,-75.8219,82.4,61,40,5.75,scattered clouds
283,Kailua,US,21.4022,-157.7394,73.4,83,90,8.66,light rain
284,Puerto Escondido,MX,15.85,-97.0667,80.6,74,40,1.19,scattered clouds
285,Klyuchi,RU,52.2667,79.1667,11.05,88,73,18.5,broken clouds
286,Xianyang,CN,34.3378,108.7026,37.0,27,0,6.71,clear sky
287,Gorno-Altaysk,RU,51.9561,85.955,18.39,88,96,5.84,overcast clouds
288,Praya,CV,14.9215,-23.5087,78.8,44,75,20.71,broken clouds
289,Nome,US,64.5011,-165.4064,12.2,79,100,3.15,overcast clouds
290,Tautira,PF,-17.7333,-149.15,78.8,73,75,2.3,broken clouds
291,Abatskoye,RU,56.2875,70.4555,15.76,95,100,10.98,overcast clouds
292,Ariquemes,BR,-9.9133,-63.0408,76.71,90,100,5.73,moderate rain
293,Okhotsk,RU,59.3833,143.3,-14.44,85,94,9.4,overcast clouds
294,Talnakh,RU,69.4865,88.3972,-27.31,71,0,6.96,clear sky
295,Bilibino,RU,68.0546,166.4372,-16.31,85,100,0.51,overcast clouds
296,Kaeo,NZ,-35.1,173.7833,57.99,92,3,2.13,clear sky
297,Nabire,ID,-3.3667,135.4833,77.95,87,100,3.27,moderate rain
298,Pitimbu,BR,-7.4706,-34.8086,86.0,58,75,14.97,broken clouds
299,Labuhan,ID,-6.8844,112.2051,78.55,80,100,4.85,overcast clouds
300,Tommot,RU,58.9564,126.2925,-30.05,81,100,3.29,overcast clouds
301,Cap Malheureux,MU,-19.9842,57.6142,81.0,81,49,5.99,scattered clouds
302,Adre,TD,13.4667,22.2,72.1,20,23,0.92,few clouds
303,Tarragona,ES,41.129,1.249,55.4,44,20,16.11,few clouds
304,Morrope,PE,-6.5417,-80.0111,75.2,78,75,3.44,mist
305,Moranbah,AU,-22.0016,148.0466,77.13,69,100,5.7,overcast clouds
306,Solnechnyy,RU,50.7214,136.6319,-14.08,86,32,3.0,scattered clouds
307,Batticaloa,LK,7.7102,81.6924,78.53,81,50,2.84,light rain
308,San Cristobal,VE,7.7669,-72.225,84.2,58,40,6.91,scattered clouds
309,Half Moon Bay,US,37.4636,-122.4286,53.01,93,90,8.05,mist
310,Port Blair,IN,11.6667,92.75,77.74,76,59,8.84,broken clouds
311,Vizinga,RU,61.0749,50.1031,0.19,92,100,10.74,overcast clouds
312,Novyy Urengoy,RU,66.0833,76.6333,-4.74,92,100,11.01,overcast clouds
313,Hirara,JP,24.8,125.2833,64.94,81,94,30.36,overcast clouds
314,Vila Velha,BR,-20.3297,-40.2925,84.2,65,40,12.66,light rain
315,Egvekinot,RU,66.3167,-179.1667,-15.38,86,100,16.64,overcast clouds
316,Tabriz,IR,38.08,46.2919,37.4,65,40,4.61,scattered clouds
317,Chuy,UY,-33.6971,-53.4616,79.3,81,77,9.24,broken clouds
318,San Vicente,AR,-26.6167,-54.1333,84.76,57,47,7.52,heavy intensity rain
319,Tafresh,IR,34.692,50.013,38.91,73,0,3.85,clear sky
320,Tarakan,ID,3.3,117.6333,76.17,94,100,9.66,overcast clouds
321,Sungairaya,ID,0.7,108.9,78.21,87,100,9.06,light rain
322,Morondava,MG,-20.2833,44.2833,84.79,70,87,4.5,overcast clouds
323,Urdoma,RU,61.7533,48.5442,-5.89,91,94,8.3,overcast clouds
324,Manggar,ID,-2.8833,108.2667,79.47,86,100,9.57,light rain
325,Byron Bay,AU,-28.65,153.6167,68.0,83,90,4.61,overcast clouds
326,Sabha,LY,27.0377,14.4283,58.1,32,1,6.04,clear sky
327,Contamana,PE,-7.3333,-75.0167,82.09,67,92,4.63,overcast clouds
328,Zhanaozen,KZ,43.3,52.8,35.55,83,45,8.72,scattered clouds
329,Yanggu,CN,36.1106,115.7753,28.74,77,0,5.08,clear sky
330,Florida,US,28.7505,-82.5001,57.99,44,75,6.91,broken clouds
331,Mbigou,GA,-1.9005,11.906,76.05,88,90,2.15,moderate rain
332,Yuryevets,RU,57.3201,43.1041,6.44,95,100,12.44,light snow
333,Mount Pleasant,US,32.7941,-79.8626,51.01,46,1,14.97,clear sky
334,Manzanillo,CU,20.3433,-77.1167,81.95,58,98,1.68,overcast clouds
335,San Patricio,US,28.017,-97.5169,55.0,53,20,3.13,few clouds
336,Deoband,IN,29.7,77.6833,52.84,61,0,5.68,clear sky
337,Nanning,CN,22.8167,108.3167,62.6,72,100,2.24,haze
338,Osmena,PH,10.5208,119.9258,80.31,77,100,23.91,overcast clouds
339,Morehead,US,37.2711,-87.1764,36.0,80,90,6.91,overcast clouds
340,Yar-Sale,RU,66.8333,70.8333,-3.01,92,94,5.88,overcast clouds
341,Marzuq,YE,14.4,46.4667,64.49,36,0,3.56,clear sky
342,Ambovombe,MG,-25.1667,46.0833,81.55,78,60,7.99,broken clouds
343,Lae,PG,-6.7221,146.9847,77.94,83,100,4.94,moderate rain
344,Dawson,US,31.7735,-84.4466,48.2,40,1,20.71,clear sky
345,Caravelas,BR,-17.7125,-39.2481,84.79,56,3,10.51,clear sky
346,Taoudenni,ML,22.6783,-3.9836,73.9,17,35,16.44,scattered clouds
347,Killybegs,IE,54.6333,-8.45,46.4,71,40,23.02,scattered clouds
348,Ko Samui,TH,9.5357,99.9357,79.43,75,20,13.49,few clouds
349,Longyearbyen,SJ,78.2186,15.6401,17.6,86,75,8.05,broken clouds
350,Muros,ES,42.7762,-9.0603,57.99,76,36,3.06,scattered clouds
351,Balkhash,KZ,46.844,74.9804,8.92,89,45,11.18,scattered clouds
352,Mehamn,NO,71.0357,27.8492,36.63,81,100,17.47,overcast clouds
353,Wanning,CN,18.8003,110.3967,67.3,81,86,7.63,overcast clouds
354,Landskrona,SE,55.8708,12.8302,27.0,88,0,10.16,clear sky
355,Kuala Terengganu,MY,5.3302,103.1408,78.8,78,40,5.75,scattered clouds
356,Ruhengeri,RW,-1.4998,29.635,62.17,82,81,1.88,light rain
357,Grand-Santi,GF,4.25,-54.3833,83.86,69,44,5.84,scattered clouds
358,Mayakonda,IN,14.2833,76.0833,77.05,42,36,13.15,scattered clouds
359,Cherskiy,RU,68.75,161.3,-20.74,87,100,4.41,overcast clouds
360,Paraiso,CR,9.8383,-83.8656,69.8,68,40,12.66,scattered clouds
361,Ambad,IN,19.6167,75.8,75.2,64,20,4.09,haze
362,Arraial Do Cabo,BR,-22.9661,-42.0278,87.8,58,40,20.71,scattered clouds
363,Tawang,IN,27.5833,91.8667,37.74,78,91,0.69,overcast clouds
364,San Carlos De Bariloche,AR,-41.1456,-71.3082,73.99,36,20,13.8,few clouds
365,Camacha,PT,33.0833,-16.3333,62.6,72,40,10.36,scattered clouds
366,Onega,RU,63.9061,38.1404,-2.96,93,91,2.37,overcast clouds
367,Kiama,AU,-34.6833,150.8667,61.0,59,0,1.99,clear sky
368,Tshikapa,CD,-6.4167,20.8,82.06,68,1,3.36,clear sky
369,Berberati,CF,4.2612,15.7922,93.81,20,100,5.1,overcast clouds
370,Mokolo,CM,10.7398,13.8019,85.86,14,0,6.6,clear sky
371,Mount Gambier,AU,-37.8333,140.7667,50.0,93,90,2.3,overcast clouds
372,Rundu,NA,-17.9333,19.7667,78.93,59,95,7.2,overcast clouds
373,Verkhoyansk,RU,67.5447,133.385,-39.44,77,90,0.25,overcast clouds
374,Kaspiyskiy,RU,45.3929,47.3707,31.51,94,0,7.18,clear sky
375,Lenger,KZ,42.183,69.8839,41.0,81,40,6.71,mist
376,Antalaha,MG,-14.9003,50.2788,79.27,80,2,4.41,clear sky
377,Garissa,KE,-0.4536,39.6401,90.16,38,57,3.36,broken clouds
378,Hurghada,EG,27.2574,33.8129,69.8,32,0,4.61,clear sky
379,Marsa Matruh,EG,31.3525,27.2453,66.2,45,75,16.11,broken clouds
380,Nikolayevsk-Na-Amure,RU,53.1406,140.73,-21.24,82,0,3.11,clear sky
381,Coihueco,CL,-36.6167,-71.8333,73.4,33,0,17.27,clear sky
382,Carutapera,BR,-1.195,-46.02,88.27,55,71,8.81,broken clouds
383,South Valley,US,35.0101,-106.6781,42.01,32,75,4.61,broken clouds
384,Spittal,GB,51.8689,-4.9425,48.2,81,20,13.8,few clouds
385,Vestmanna,FO,62.1564,-7.1664,44.6,100,90,4.61,light rain
386,Matay,EG,28.419,30.7792,58.37,43,0,7.74,clear sky
387,Ahuimanu,US,21.4447,-157.8378,73.4,83,90,7.74,light rain
388,Taitung,TW,22.7583,121.1444,64.58,72,93,17.72,overcast clouds
389,Biltine,TD,14.5333,20.9167,80.4,15,18,5.14,few clouds
390,Peniche,PT,39.3558,-9.3811,55.99,72,0,8.01,clear sky
391,Ono,JP,34.85,134.9333,30.99,100,99,3.29,overcast clouds
392,Kuybysheve,UA,47.358,36.6491,15.91,93,34,3.27,scattered clouds
393,Lambarene,GA,-0.7001,10.2406,91.4,62,40,3.83,moderate rain
394,Cooma,AU,-36.2333,149.1333,46.4,71,0,9.22,clear sky
395,Linhares,BR,-19.3911,-40.0722,85.53,54,99,9.51,overcast clouds
396,Reyes,BO,-14.3167,-67.3833,82.4,83,90,11.5,overcast clouds
397,The Valley,AI,18.217,-63.0578,82.4,61,20,16.11,few clouds
398,San Ramon De La Nueva Oran,AR,-23.1322,-64.326,99.43,38,19,4.09,few clouds
399,Burnie,AU,-41.0667,145.9167,48.99,73,78,3.0,broken clouds
400,Tongzi,CN,28.7829,105.0877,42.82,90,100,13.65,light rain
401,Havre-Saint-Pierre,CA,50.2334,-63.5986,28.4,86,90,9.22,overcast clouds
402,Tyup,KG,42.7276,78.3648,25.79,72,0,2.77,clear sky
403,Labuan,MY,5.2767,115.2417,71.6,94,40,2.3,heavy intensity rain
404,Alyangula,AU,-13.8483,136.4192,78.8,100,100,3.44,overcast clouds
405,Nyurba,RU,63.2842,118.3319,-43.67,79,98,5.23,overcast clouds
406,Ketchikan,US,55.3422,-131.6461,42.8,100,90,25.32,heavy intensity rain
407,Sola,VU,-13.8833,167.55,82.0,71,100,3.13,overcast clouds
408,Seddon,AU,-37.8068,144.8916,59.0,82,40,11.5,scattered clouds
409,Kismayo,SO,-0.3582,42.5454,78.24,81,0,15.21,clear sky
410,Olinda,BR,-8.0089,-34.8553,82.4,54,20,11.5,few clouds
411,Broome,US,42.2506,-75.833,34.0,93,90,11.5,snow
412,Ikare,NG,7.4913,5.2322,95.54,17,27,1.88,scattered clouds
413,Severodvinsk,RU,64.5635,39.8302,-2.2,84,90,2.24,light snow
414,Palmer,US,42.1584,-72.3287,42.01,100,90,9.22,mist
415,Seymchan,RU,62.8833,152.4333,-41.39,79,28,0.89,scattered clouds
416,Shingu,JP,33.7333,135.9833,44.71,70,100,6.96,overcast clouds
417,Samarai,PG,-10.6167,150.6667,83.52,79,100,14.85,overcast clouds
418,Fortuna,US,40.5982,-124.1573,48.0,100,90,5.75,overcast clouds
419,Lorengau,PG,-2.0226,147.2712,82.58,78,100,12.35,overcast clouds
420,Baykalsk,RU,51.5058,104.1469,10.4,90,100,7.23,overcast clouds
421,Estelle,US,29.8458,-90.1067,48.99,43,1,9.22,clear sky
422,Cartagena,CO,10.3997,-75.5144,86.0,70,0,9.22,clear sky
423,Iberia,US,29.9502,-91.7507,48.2,43,1,11.5,clear sky
424,Roura,GF,4.7263,-52.3274,84.2,65,75,13.8,light rain
425,Khandyga,RU,62.6667,135.6,-42.11,80,97,1.41,overcast clouds
426,Mingaora,PK,34.7758,72.3625,52.57,34,0,7.25,clear sky
427,Tarbert,GB,55.8628,-5.4162,44.6,81,20,24.16,few clouds
428,Ilulissat,GL,69.2167,-51.1,10.4,52,1,3.44,clear sky
429,Bandarbeyla,SO,9.4942,50.8122,75.63,72,15,14.2,few clouds
430,Bayan,CN,46.0833,127.4,-12.62,89,82,7.23,broken clouds
431,Manuk Mangkaw,PH,4.8,119.85,82.04,79,100,12.64,overcast clouds
432,San Policarpo,PH,12.1791,125.5072,80.1,84,93,5.61,overcast clouds
433,Sao Joao Da Barra,BR,-21.6403,-41.0511,87.8,51,20,23.02,few clouds
434,Khachrod,IN,23.4167,75.2833,67.32,49,0,7.29,clear sky
435,Kulhudhuffushi,MV,6.6221,73.07,81.5,73,96,9.55,overcast clouds
436,Viedma,AR,-40.8135,-62.9967,60.78,71,87,21.5,overcast clouds
437,Zhezkazgan,KZ,47.8043,67.7144,10.38,94,68,4.5,broken clouds
438,Meitingen,DE,48.55,10.85,30.2,64,90,12.66,overcast clouds
439,Lavrentiya,RU,65.5833,-171.0,-5.4,87,100,8.3,overcast clouds
440,Ilebo,CD,-4.3167,20.5833,84.92,58,92,2.15,overcast clouds
441,Tiarei,PF,-17.5333,-149.3333,78.8,73,75,2.3,broken clouds
442,Humaita,BR,-7.5061,-63.0208,86.27,69,81,3.04,moderate rain
443,Marsh Harbour,BS,26.5412,-77.0636,68.88,71,98,21.63,overcast clouds
444,Mangrol,IN,21.1167,70.1167,71.49,60,0,11.34,clear sky
445,Whitehorse,CA,60.7161,-135.0538,23.0,86,20,16.11,few clouds
446,Lagoa,PT,39.05,-27.9833,59.99,81,100,8.5,overcast clouds
447,Baishishan,CN,43.5833,127.5667,-6.93,89,93,5.46,overcast clouds
448,Jacmel,HT,18.2342,-72.5347,87.8,48,20,12.66,few clouds
449,Popondetta,PG,-8.7537,148.2534,74.88,91,100,2.48,overcast clouds
450,Moreira Sales,BR,-24.0622,-53.0069,81.21,75,99,11.3,heavy intensity rain
451,Shitanjing,CN,39.2342,106.3439,11.64,68,0,13.6,clear sky
452,Sabla,NG,12.7525,4.7077,92.37,10,61,11.9,broken clouds
453,Dubti,ET,11.7361,41.0853,80.22,32,0,5.14,clear sky
454,Lashio,MM,22.9333,97.75,53.65,78,37,1.59,scattered clouds
455,Westport,US,41.1415,-73.3579,44.6,87,90,9.22,overcast clouds
456,Hofn,IS,64.2539,-15.2082,40.96,75,100,29.35,heavy intensity rain
457,Gemena,CD,3.25,19.7667,87.85,39,95,2.01,overcast clouds
458,Maningrida,AU,-12.0667,134.2667,80.55,78,25,4.92,light rain
459,Kikwit,CD,-5.041,18.8162,83.23,65,69,2.75,broken clouds
460,Pueblo,US,38.2545,-104.6091,37.0,55,75,3.44,broken clouds
461,Oktyabrskoye,RU,43.0645,44.7417,33.8,86,90,13.42,overcast clouds
462,Hadejia,NG,12.4498,10.0444,87.82,11,83,5.3,broken clouds
463,Barra Patuca,HN,15.8,-84.2833,79.45,79,98,5.79,light rain
464,Tucupita,VE,9.0622,-62.051,84.51,59,100,5.35,overcast clouds
465,Shirokiy,RU,49.758,129.523,-19.5,88,87,4.21,overcast clouds
466,Ojinaga,MX,29.5667,-104.4167,46.4,34,1,3.44,clear sky
467,Wanlaweyn,SO,2.6185,44.8938,80.6,57,1,19.39,clear sky
468,Yerbogachen,RU,61.2767,108.0108,-47.79,76,56,2.71,broken clouds
469,Saint-Francois,FR,46.4154,3.9054,33.8,80,75,4.61,light snow
470,Vilcun,CL,-38.65,-72.2333,66.2,55,40,11.5,scattered clouds
471,Thinadhoo,MV,0.5333,72.9333,81.66,73,88,9.89,overcast clouds
472,Thunder Bay,CA,48.4001,-89.3168,24.8,80,90,8.05,overcast clouds
473,Dahanu,IN,19.9667,72.7333,73.36,64,0,2.21,clear sky
474,Indapur,IN,18.3,73.25,74.7,57,0,1.72,clear sky
475,Nanortalik,GL,60.1432,-45.2371,24.28,95,82,7.23,broken clouds
476,Plettenberg Bay,ZA,-34.0527,23.3716,70.57,69,7,13.09,clear sky
477,Leova,MD,46.4786,28.2553,21.6,80,19,10.16,few clouds
478,Vostok,RU,46.4856,135.8833,-16.02,89,95,3.96,overcast clouds
479,Kortkeros,RU,61.8106,51.5806,-2.2,84,0,11.18,clear sky
480,Elat,IL,29.5581,34.9482,69.8,37,40,7.0,scattered clouds
481,Salamiyah,SY,35.0113,37.0532,52.75,77,62,10.69,broken clouds
482,Miajadas,ES,39.1513,-5.9084,57.99,47,0,1.99,clear sky
483,Abu Kamal,SY,34.4506,40.9171,61.21,40,99,12.62,overcast clouds
484,Chapais,CA,49.7834,-74.8492,24.8,86,90,9.22,overcast clouds
485,Dhidhdhoo,MV,6.8833,73.1,81.73,73,85,10.29,overcast clouds
486,Ubinskoye,RU,55.3068,79.6802,8.87,92,97,13.62,overcast clouds
487,Urucui,BR,-7.2294,-44.5561,86.59,62,56,8.46,light rain
488,Rupert,US,42.6191,-113.6772,30.2,86,1,5.75,clear sky
489,Yining,CN,29.0361,114.5636,40.42,66,92,5.3,overcast clouds
490,Flinders,AU,-34.5833,150.8552,61.0,73,0,1.01,clear sky
491,San Andres,CO,12.5847,-81.7006,78.8,78,75,18.41,light rain
492,Oyama,JP,36.3,139.8,48.99,56,75,6.91,broken clouds
493,Dingle,PH,10.9995,122.6711,74.95,90,100,11.48,moderate rain
494,Road Town,VG,18.4167,-64.6167,84.2,61,20,6.91,few clouds
495,Hailar,CN,49.2,119.7,-10.61,88,88,8.93,overcast clouds
496,Coquimbo,CL,-29.9533,-71.3436,64.4,72,0,14.97,clear sky
497,Wolfsberg,AT,46.8406,14.8442,26.6,59,40,13.8,scattered clouds
498,Villazon,BO,-22.0866,-65.5942,66.97,39,85,6.17,overcast clouds
499,Karaton,ID,-6.3424,106.1045,82.99,78,40,6.91,scattered clouds
500,Zhiryatino,RU,53.2228,33.7306,5.0,78,75,8.95,light snow
501,Para De Minas,BR,-19.8603,-44.6083,78.8,61,75,10.36,light rain
502,Namibe,AO,-15.1961,12.1522,82.4,51,0,11.5,clear sky
503,Pangnirtung,CA,66.1451,-65.7125,17.6,73,90,10.36,snow
504,Merauke,ID,-8.4667,140.3333,79.77,85,100,7.83,overcast clouds
505,Doba,TD,8.65,16.85,95.22,13,38,0.74,scattered clouds
506,Horsham,GB,51.064,-0.3272,46.99,93,40,2.3,scattered clouds
507,Ambon,ID,-3.6954,128.1814,77.0,15,100,7.76,moderate rain
508,Mount Isa,AU,-20.7333,139.5,86.0,12,0,17.27,clear sky
509,Dolgorukovo,RU,52.3195,38.3453,5.2,94,100,15.7,overcast clouds
510,Cockburn Town,TC,21.4612,-71.1419,78.69,81,100,12.35,overcast clouds
511,Umm Lajj,SA,25.0213,37.2685,71.08,50,0,7.56,clear sky
512,Bartica,GY,6.4,-58.6167,86.0,66,75,18.41,broken clouds
513,Lithakia,GR,37.7167,20.8333,50.0,71,40,11.5,scattered clouds
514,Berlevag,NO,70.8578,29.0864,35.98,84,100,16.82,overcast clouds
515,Chaman,PK,30.9236,66.4512,47.98,42,0,1.23,clear sky
516,Haines Junction,CA,60.7522,-137.5108,14.0,92,71,3.44,broken clouds
517,Mecca,SA,21.4267,39.8261,73.63,62,0,11.79,clear sky
518,Uruzgan,AF,32.8333,66.0,43.07,51,71,4.23,broken clouds
519,Okato,NZ,-39.2,173.8833,60.01,87,80,3.0,broken clouds
520,Northam,GB,51.0333,-4.2167,48.0,90,81,13.0,broken clouds
521,Houma,US,29.5958,-90.7195,66.2,20,1,12.66,clear sky
522,Milas,TR,37.3164,27.7839,50.0,93,75,4.61,light rain
523,Carupano,VE,10.6678,-63.2585,80.8,65,99,7.14,overcast clouds
524,Aksu,CN,41.1231,80.2644,16.12,84,0,0.54,clear sky
525,Qaqortoq,GL,60.7167,-46.0333,23.0,74,75,5.75,broken clouds
526,Amahai,ID,-3.3333,128.9167,80.01,91,100,3.0,light rain
527,Horodenka,UA,48.6727,25.5016,15.8,73,75,5.14,broken clouds
528,Moose Factory,CA,51.2585,-80.6094,17.6,86,90,9.22,light snow
529,Lewiston,US,44.1003,-70.2148,37.4,93,90,13.8,heavy intensity rain
530,Saint Anthony,US,45.0205,-93.218,30.2,80,90,12.66,overcast clouds
531,Trinidad,BO,-14.8333,-64.9,82.4,83,75,13.8,light rain
532,Alugan,PH,12.2188,125.4808,79.57,85,96,5.39,overcast clouds
533,Huaiyin,CN,33.5886,119.0192,29.7,84,99,1.39,overcast clouds
534,Mentana,IT,42.0349,12.6424,50.0,32,0,10.36,clear sky
535,Honiara,SB,-9.4333,159.95,77.22,80,100,2.26,overcast clouds
536,Big Spring,US,32.2504,-101.4787,42.01,56,1,3.44,clear sky
537,Kununurra,AU,-15.7667,128.7333,82.4,83,75,10.36,broken clouds
538,Iralaya,HN,15.0,-83.2333,80.44,76,16,8.1,light rain
539,Kapuskasing,CA,49.4169,-82.4331,24.8,93,100,9.22,overcast clouds
540,Pietarsaari,FI,63.65,22.6833,26.6,93,75,3.44,broken clouds
541,Safaga,EG,26.7292,33.9365,69.8,32,0,4.61,clear sky
542,Salalah,OM,17.0151,54.0924,75.2,69,0,2.3,clear sky
543,Tamiahua,MX,21.2667,-97.45,62.02,67,65,10.11,broken clouds
544,Altay,CN,47.8667,88.1167,9.84,58,4,1.77,clear sky
545,Turayf,SA,31.6725,38.6637,55.4,58,0,4.61,clear sky
546,Shangqiu,CN,34.45,115.65,37.99,45,100,0.69,overcast clouds
547,At-Bashi,KG,41.1702,75.8106,16.14,68,0,8.12,clear sky
548,Portland,US,45.5234,-122.6762,43.0,81,90,6.91,overcast clouds
549,Henties Bay,NA,-22.116,14.2845,67.87,76,3,14.9,clear sky
550,Kelvington,CA,52.1667,-103.5343,23.0,68,0,12.66,clear sky
551,Sayyan,YE,15.1718,44.3244,53.33,43,0,2.01,clear sky
552,Khor,RU,47.8861,134.9464,-13.09,89,25,4.56,scattered clouds
553,Christchurch,NZ,-43.5333,172.6333,62.01,94,75,8.05,broken clouds
554,Axim,GH,4.8699,-2.2405,83.61,68,84,7.34,light rain
555,Mayo,US,38.8876,-76.5119,43.0,70,1,6.91,clear sky
556,Gebre Guracha,ET,9.8,38.4,64.0,32,51,0.65,broken clouds
557,Honolulu,US,21.3069,-157.8583,73.4,73,20,5.75,light rain
558,North Bend,US,43.4065,-124.2243,51.01,93,90,4.61,overcast clouds
559,Hun,LY,29.1268,15.9477,58.84,35,0,7.27,clear sky
560,Xichang,CN,27.8964,102.2634,46.0,72,100,6.15,light rain
561,Kushima,JP,31.4583,131.2333,50.0,34,75,16.11,volcanic ash
562,Sosnovo-Ozerskoye,RU,52.5249,111.5418,-17.57,85,32,8.88,scattered clouds
563,Rodrigues Alves,BR,-7.738,-72.6509,84.2,79,75,3.44,moderate rain
564,Green River,US,41.5286,-109.4662,26.6,74,1,24.16,clear sky
565,Aksum,ET,14.1245,38.7244,62.62,34,6,8.43,clear sky
566,Shima,CN,24.4478,117.8111,55.4,41,0,20.13,clear sky
567,Faya,SA,18.3851,42.4509,62.6,88,0,6.91,clear sky
568,Hawkesbury,CA,45.6001,-74.616,32.0,93,90,12.66,snow
569,Ningbo,CN,29.8782,121.5495,41.0,65,40,8.95,light rain
570,Sao Felix Do Xingu,BR,-6.6447,-51.995,77.67,94,81,3.94,moderate rain
571,Salinas,US,36.6777,-121.6555,53.6,71,1,6.91,clear sky
572,Hami,CN,42.8,93.45,14.16,73,0,1.45,clear sky
573,Zhuhai,CN,22.2769,113.5678,64.99,72,20,17.27,few clouds
574,Hervey Bay,AU,-25.2986,152.8535,75.99,89,15,1.01,few clouds
575,Sakaiminato,JP,35.55,133.2333,39.2,93,75,11.5,broken clouds
576,Majene,ID,-3.5403,118.9707,78.03,80,100,5.7,moderate rain
577,Marystown,CA,47.1666,-55.1483,32.81,89,0,19.62,clear sky
578,Cairns,AU,-16.9167,145.7667,78.8,89,40,9.22,scattered clouds
579,Bongandanga,CD,1.5,21.05,78.6,71,97,4.79,overcast clouds
580,Maua,BR,-23.6678,-46.4614,82.4,47,75,10.36,broken clouds
581,Glens Falls,US,43.3095,-73.644,37.0,93,90,9.22,light rain
582,Buraydah,SA,26.326,43.975,68.0,64,40,5.75,scattered clouds
583,Gomel,BY,52.4345,30.9754,0.0,71,0,8.95,clear sky
584,Madimba,TZ,-10.4,40.3333,82.4,83,40,17.27,scattered clouds
585,La Roche-Sur-Yon,FR,46.6667,-1.4333,48.2,100,90,11.5,light intensity drizzle
586,Port Hedland,AU,-20.3167,118.5667,87.8,79,62,11.5,light rain
587,Te Anau,NZ,-45.4167,167.7167,53.62,90,100,3.62,overcast clouds
588,Tura,IN,25.5198,90.2201,57.45,53,13,3.02,few clouds
589,Khorramshahr,IR,30.4397,48.1664,66.2,63,0,4.61,clear sky
590,Manado,ID,1.487,124.8455,75.2,94,40,3.44,light rain
591,El Alto,PE,-4.2714,-81.2147,77.0,69,75,13.8,broken clouds
592,Uthal,PK,25.8072,66.6219,62.74,30,0,4.56,clear sky
593,Adrar,MR,20.5022,-10.0711,72.1,14,97,18.61,overcast clouds
594,Khani,GE,41.9563,42.9566,44.6,81,90,21.85,overcast clouds
595,Bud,US,39.447,-86.1758,32.0,94,86,10.07,overcast clouds
596,Sorland,NO,67.667,12.6934,33.8,93,75,1.14,moderate rain
597,Abu Dhabi,AE,24.4667,54.3667,68.0,68,0,3.44,clear sky
598,Vagur,FO,61.4732,-6.8119,45.41,89,69,13.18,light rain
599,Belyy Yar,RU,53.6039,91.3903,3.2,72,100,1.21,smoke
600,Toppenish,US,46.3774,-120.3087,30.2,100,1,1.41,clear sky
601,Aqtobe,KZ,50.2797,57.2072,15.8,92,75,8.95,broken clouds
602,Vilyuysk,RU,63.7553,121.6247,-39.44,81,100,5.39,overcast clouds
603,Pucallpa,PE,-8.3791,-74.5539,82.4,74,75,5.75,light rain
604,Livani,LV,56.3543,26.1758,1.31,93,93,4.25,overcast clouds
605,Kirillov,RU,59.863,38.3813,-7.6,77,0,8.95,clear sky
606,Erenhot,CN,43.6475,111.9767,-0.08,86,73,12.5,broken clouds
607,Flin Flon,CA,54.7682,-101.865,12.2,85,75,5.75,broken clouds
608,Solano,US,38.2333,-121.9511,48.2,100,1,1.99,clear sky
609,Marawi,PH,7.9986,124.2928,75.0,95,100,4.0,light rain
610,Santa Maria,BR,-29.6842,-53.8069,90.45,54,75,6.8,moderate rain
611,Jyvaskyla,FI,62.2415,25.7209,3.2,92,90,1.14,overcast clouds
612,Mildura,AU,-34.2,142.15,60.8,63,0,9.22,clear sky
613,Plainview,US,40.7765,-73.4673,46.0,87,90,11.5,overcast clouds
614,Clearlake,US,38.9582,-122.6264,55.0,79,5,4.0,clear sky
615,Langarud,IR,37.197,50.1535,53.6,94,90,9.22,mist
616,Bosanska Dubica,BA,45.1767,16.8094,30.2,69,40,5.75,scattered clouds
617,Nuuk,GL,64.1835,-51.7216,23.0,68,20,1.14,few clouds
618,Teluknaga,ID,-6.0989,106.6381,82.0,78,40,6.91,moderate rain
619,Birnin Kebbi,NG,12.4539,4.1975,93.13,10,42,11.5,scattered clouds
620,Erzin,TR,36.9559,36.2,51.8,100,75,8.05,broken clouds
621,Port-Gentil,GA,-0.7193,8.7815,86.0,74,40,11.5,scattered clouds
622,Victor Harbor,AU,-35.5667,138.6167,60.01,97,35,1.01,scattered clouds
623,Tarata,BO,-17.6167,-66.0167,68.0,68,75,3.44,light rain
624,Indianola,US,41.3581,-93.5574,27.0,86,90,13.8,overcast clouds
625,Svetlogorsk,BY,52.6333,29.7333,-0.98,92,81,3.36,broken clouds
626,Saint-Joseph,RE,-21.3667,55.6167,82.4,83,0,4.61,clear sky
627,Baza,ES,37.4907,-2.7726,52.0,37,0,4.36,clear sky
628,Louis Trichardt,ZA,-23.0439,29.9032,77.65,74,100,0.56,overcast clouds
629,Maridi,SS,4.9158,29.4742,86.22,19,11,4.45,few clouds
630,Batesville,US,35.7698,-91.641,39.99,65,75,9.22,broken clouds
631,High Level,CA,58.5169,-117.136,28.4,80,90,9.22,overcast clouds
632,Puerto Gaitan,CO,4.3133,-72.0816,89.56,43,33,17.29,scattered clouds
633,Motozintla,MX,15.3667,-92.2333,84.2,74,40,4.54,scattered clouds
634,Zenzeli,RU,45.9241,47.0474,32.61,90,0,6.98,clear sky
635,Turochak,RU,52.2576,87.1224,12.27,91,93,2.86,overcast clouds
636,Pundaguitan,PH,6.3711,126.1689,79.54,84,100,6.49,moderate rain
637,Shenjiamen,CN,29.9576,122.298,41.81,70,0,22.55,clear sky
638,Hailun,CN,47.45,126.9333,-10.98,90,96,8.01,light snow
639,Kudahuvadhoo,MV,2.6708,72.8944,81.86,71,50,8.66,scattered clouds
640,Mandera,KE,3.9366,41.867,90.91,22,0,8.32,clear sky
641,Along,IN,28.1667,94.7667,54.52,80,5,1.79,clear sky
642,Bubaque,GW,11.2833,-15.8333,78.08,52,52,8.23,broken clouds
643,Yeniseysk,RU,58.4497,92.1703,5.61,94,100,7.23,snow
644,Okha,RU,53.5739,142.9478,-18.31,88,43,9.8,scattered clouds
645,Paita,PE,-5.0892,-81.1144,77.0,69,75,13.8,broken clouds
646,Hanzhong,CN,33.0728,107.0303,35.22,67,92,2.59,overcast clouds
647,Upata,VE,8.0086,-62.3989,82.99,73,6,7.0,clear sky
648,Joanopolis,BR,-22.9303,-46.2756,84.2,51,75,6.91,broken clouds
649,Aktanysh,RU,55.7216,54.0829,11.35,93,78,13.31,broken clouds
650,Qandala,SO,11.472,49.8728,74.68,69,13,3.8,few clouds
651,Natchez,US,31.5604,-91.4032,42.8,49,1,5.75,clear sky
652,Nador,MA,35.174,-2.9287,60.8,63,20,5.75,few clouds
653,Kanata,CA,45.3159,-75.8985,34.0,93,90,12.66,light snow
654,Ende,ID,-8.8432,121.6623,78.94,83,100,5.53,moderate rain
655,Almeirim,BR,-1.5233,-52.5817,91.33,41,85,6.42,overcast clouds
656,Vangaindrano,MG,-23.35,47.6,81.14,85,76,10.29,broken clouds
657,Matagalpa,NI,12.9256,-85.9175,68.0,83,40,11.5,scattered clouds
658,Las Vegas,US,36.175,-115.1372,57.99,24,1,5.35,clear sky
659,Bantry,IE,51.6833,-9.45,46.4,61,20,11.5,few clouds
660,Si Racha,TH,13.1737,100.9311,82.0,72,0,8.28,clear sky
661,Sinnamary,GF,5.3833,-52.95,81.36,73,97,13.22,overcast clouds
662,Ulladulla,AU,-35.35,150.4667,57.2,72,0,8.05,clear sky
663,Daokou,CN,35.5639,114.5058,29.32,77,1,5.95,clear sky
